timestamp,alert_type,region_id,detail,region_pixels,closest_mm,center_x,center_y
2026-05-21T16:20:49.877818,WARNING,WARNING_42_93_8,"HOT region in valid range | closest=577mm | center=(42,93)",8,577,42,93
2026-05-21T16:20:49.955083,WARNING,WARNING_43_102_6,"HOT region in valid range | closest=553mm | center=(43,102)",6,553,43,102
2026-05-21T16:20:50.642589,CRITICAL,CRITICAL_21_94_76,"DANGEROUS region in valid range | closest=523mm | center=(21,94)",76,523,21,94
2026-05-21T16:20:50.642589,WARNING,WARNING_20_93_101,"HOT region in valid range | closest=522mm | center=(20,93)",101,522,20,93
2026-05-21T16:20:50.681889,WARNING,WARNING_20_90_23,"HOT region in valid range | closest=523mm | center=(20,90)",23,523,20,90
2026-05-21T16:20:51.840893,CRITICAL,CRITICAL_24_97_147,"DANGEROUS region in valid range | closest=476mm | center=(24,97)",147,476,24,97
2026-05-21T16:20:51.840893,WARNING,WARNING_21_97_82,"HOT region in valid range | closest=478mm | center=(21,97)",82,478,21,97
2026-05-21T16:20:51.917522,CRITICAL,CRITICAL_36_100_264,"DANGEROUS region in valid range | closest=482mm | center=(36,100)",264,482,36,100
2026-05-21T16:20:51.917522,WARNING,WARNING_33_100_98,"HOT region in valid range | closest=482mm | center=(33,100)",98,482,33,100
2026-05-21T16:20:51.985639,CRITICAL,CRITICAL_57_107_319,"DANGEROUS region in valid range | closest=495mm | center=(57,107)",319,495,57,107
2026-05-21T16:20:51.985639,WARNING,WARNING_57_106_117,"HOT region in valid range | closest=491mm | center=(57,106)",117,491,57,106
2026-05-21T16:20:52.053836,CRITICAL,CRITICAL_64_120_213,"DANGEROUS region in valid range | closest=503mm | center=(64,120)",213,503,64,120
2026-05-21T16:20:52.053836,WARNING,WARNING_88_104_26,"HOT region in valid range | closest=913mm | center=(88,104)",26,913,88,104
2026-05-21T16:20:52.053836,WARNING,WARNING_62_119_64,"HOT region in valid range | closest=500mm | center=(62,119)",64,500,62,119
2026-05-21T16:20:52.121798,CRITICAL,CRITICAL_63_121_134,"DANGEROUS region in valid range | closest=502mm | center=(63,121)",134,502,63,121
2026-05-21T16:20:52.121798,WARNING,WARNING_62_120_67,"HOT region in valid range | closest=500mm | center=(62,120)",67,500,62,120
2026-05-21T16:20:52.160729,WARNING,WARNING_84_106_107,"HOT region in valid range | closest=541mm | center=(84,106)",107,541,84,106
2026-05-21T16:20:52.160729,WARNING,WARNING_51_111_57,"HOT region in valid range | closest=484mm | center=(51,111)",57,484,51,111
2026-05-21T16:20:52.240445,CRITICAL,CRITICAL_65_103_204,"DANGEROUS region in valid range | closest=489mm | center=(65,103)",204,489,65,103
2026-05-21T16:20:52.240445,WARNING,WARNING_71_103_253,"HOT region in valid range | closest=488mm | center=(71,103)",253,488,71,103
2026-05-21T16:20:52.240445,WARNING,WARNING_27_104_28,"HOT region in valid range | closest=475mm | center=(27,104)",28,475,27,104
2026-05-21T16:20:52.308008,CRITICAL,CRITICAL_47_103_247,"DANGEROUS region in valid range | closest=473mm | center=(47,103)",247,473,47,103
2026-05-21T16:20:52.308008,WARNING,WARNING_51_103_243,"HOT region in valid range | closest=472mm | center=(51,103)",243,472,51,103
2026-05-21T16:20:52.376247,CRITICAL,CRITICAL_20_106_730,"DANGEROUS region in valid range | closest=454mm | center=(20,106)",730,454,20,106
2026-05-21T16:20:52.376247,WARNING,WARNING_28_106_288,"HOT region in valid range | closest=450mm | center=(28,106)",288,450,28,106
2026-05-21T16:20:52.443513,CRITICAL,CRITICAL_7_113_246,"DANGEROUS region in valid range | closest=467mm | center=(7,113)",246,467,7,113
2026-05-21T16:20:52.443513,WARNING,WARNING_15_111_288,"HOT region in valid range | closest=459mm | center=(15,111)",288,459,15,111
2026-05-21T16:20:52.482740,WARNING,WARNING_3_115_131,HOT region | TOO CLOSE | sensor range invalid,131,-1,3,115
2026-05-21T16:20:52.482740,WARNING,WARNING_14_113_7,HOT region | TOO CLOSE | sensor range invalid,7,-1,14,113
2026-05-21T16:20:52.879213,WARNING,WARNING_4_106_303,DANGEROUS region | TOO CLOSE | sensor range invalid,303,-1,4,106
2026-05-21T16:20:52.879213,WARNING,WARNING_8_109_169,HOT region | TOO CLOSE | sensor range invalid,169,-1,8,109
2026-05-21T16:20:52.985130,CRITICAL,CRITICAL_29_93_1867,"DANGEROUS region in valid range | closest=449mm | center=(29,93)",1867,449,29,93
2026-05-21T16:20:52.985130,WARNING,WARNING_31_99_640,"HOT region in valid range | closest=473mm | center=(31,99)",640,473,31,99
2026-05-21T16:20:53.053292,CRITICAL,CRITICAL_78_71_1442,"DANGEROUS region in valid range | closest=515mm | center=(78,71)",1442,515,78,71
2026-05-21T16:20:53.053292,WARNING,WARNING_64_87_1364,"HOT region in valid range | closest=475mm | center=(64,87)",1364,475,64,87
2026-05-21T16:20:53.053292,WARNING,WARNING_17_108_9,"HOT region in valid range | closest=467mm | center=(17,108)",9,467,17,108
2026-05-21T16:20:53.121178,CRITICAL,CRITICAL_100_63_1249,"DANGEROUS region in valid range | closest=630mm | center=(100,63)",1249,630,100,63
2026-05-21T16:20:53.121178,WARNING,WARNING_91_72_927,"HOT region in valid range | closest=620mm | center=(91,72)",927,620,91,72
2026-05-21T16:20:53.188906,CRITICAL,CRITICAL_134_55_1060,"DANGEROUS region in valid range | closest=923mm | center=(134,55)",1060,923,134,55
2026-05-21T16:20:53.188906,WARNING,WARNING_127_61_669,"HOT region in valid range | closest=887mm | center=(127,61)",669,887,127,61
2026-05-21T16:20:53.256745,CRITICAL,CRITICAL_159_52_879,"DANGEROUS region in valid range | closest=477mm | center=(159,52)",879,477,159,52
2026-05-21T16:20:53.256745,WARNING,WARNING_148_58_642,"HOT region in valid range | closest=477mm | center=(148,58)",642,477,148,58
2026-05-21T16:20:53.324180,CRITICAL,CRITICAL_169_52_855,"DANGEROUS region in valid range | closest=446mm | center=(169,52)",855,446,169,52
2026-05-21T16:20:53.324180,WARNING,WARNING_162_57_473,"HOT region in valid range | closest=427mm | center=(162,57)",473,427,162,57
2026-05-21T16:20:53.391609,CRITICAL,CRITICAL_187_53_725,"DANGEROUS region in valid range | closest=372mm | center=(187,53)",725,372,187,53
2026-05-21T16:20:53.391609,WARNING,WARNING_180_57_401,"HOT region in valid range | closest=358mm | center=(180,57)",401,358,180,57
2026-05-21T16:20:53.459299,CRITICAL,CRITICAL_206_57_532,"DANGEROUS region in valid range | closest=301mm | center=(206,57)",532,301,206,57
2026-05-21T16:20:53.459299,WARNING,WARNING_201_59_281,"HOT region in valid range | closest=290mm | center=(201,59)",281,290,201,59
2026-05-21T16:20:53.526679,CRITICAL,CRITICAL_211_59_502,"DANGEROUS region in valid range | closest=290mm | center=(211,59)",502,290,211,59
2026-05-21T16:20:53.526679,WARNING,WARNING_204_61_242,"HOT region in valid range | closest=282mm | center=(204,61)",242,282,204,61
2026-05-21T16:20:53.594239,CRITICAL,CRITICAL_211_61_477,"DANGEROUS region in valid range | closest=294mm | center=(211,61)",477,294,211,61
2026-05-21T16:20:53.594239,WARNING,WARNING_207_61_139,"HOT region in valid range | closest=288mm | center=(207,61)",139,288,207,61
2026-05-21T16:20:53.662081,CRITICAL,CRITICAL_201_61_461,"DANGEROUS region in valid range | closest=907mm | center=(201,61)",461,907,201,61
2026-05-21T16:20:53.662081,WARNING,WARNING_199_62_150,"HOT region in valid range | closest=963mm | center=(199,62)",150,963,199,62
2026-05-21T16:20:53.729797,CRITICAL,CRITICAL_193_61_449,"DANGEROUS region in valid range | closest=893mm | center=(193,61)",449,893,193,61
2026-05-21T16:20:53.729797,WARNING,WARNING_193_60_137,"HOT region in valid range | closest=392mm | center=(193,60)",137,392,193,60
2026-05-21T16:20:53.797553,CRITICAL,CRITICAL_164_71_271,"DANGEROUS region in valid range | closest=927mm | center=(164,71)",271,927,164,71
2026-05-21T16:20:53.797553,WARNING,WARNING_167_71_155,"HOT region | MIXED RANGE | closest=-1mm | center=(167,71)",155,-1,167,71
2026-05-21T16:20:53.836893,WARNING,WARNING_121_75_158,DANGEROUS region BUT FAR | monitoring,158,-1,121,75
2026-05-21T16:20:53.836893,WARNING,WARNING_122_76_181,HOT region BUT FAR | monitoring,181,-1,122,76
2026-05-21T16:20:53.908789,CRITICAL,CRITICAL_98_73_41,"DANGEROUS region in valid range | closest=948mm | center=(98,73)",41,948,98,73
2026-05-21T16:20:53.908789,WARNING,WARNING_99_73_137,"HOT region in valid range | closest=899mm | center=(99,73)",137,899,99,73
2026-05-21T16:20:54.413149,WARNING,WARNING_0_102_15,HOT region | TOO CLOSE | sensor range invalid,15,-1,0,102
2026-05-21T16:20:54.481170,WARNING,WARNING_6_100_439,DANGEROUS region | TOO CLOSE | sensor range invalid,439,-1,6,100
2026-05-21T16:20:54.481170,WARNING,WARNING_10_104_125,HOT region | TOO CLOSE | sensor range invalid,125,-1,10,104
2026-05-21T16:20:54.577173,CRITICAL,CRITICAL_31_94_1202,"DANGEROUS region in valid range | closest=440mm | center=(31,94)",1202,440,31,94
2026-05-21T16:20:54.577173,WARNING,WARNING_30_98_492,"HOT region in valid range | closest=438mm | center=(30,98)",492,438,30,98
2026-05-21T16:20:54.645533,CRITICAL,CRITICAL_83_88_1357,"DANGEROUS region in valid range | closest=479mm | center=(83,88)",1357,479,83,88
2026-05-21T16:20:54.645533,WARNING,WARNING_68_93_1049,"HOT region in valid range | closest=448mm | center=(68,93)",1049,448,68,93
2026-05-21T16:20:54.645533,WARNING,WARNING_15_104_26,HOT region | TOO CLOSE | sensor range invalid,26,-1,15,104
2026-05-21T16:20:54.713704,CRITICAL,CRITICAL_114_84_1208,"DANGEROUS region in valid range | closest=923mm | center=(114,84)",1208,923,114,84
2026-05-21T16:20:54.713704,WARNING,WARNING_103_93_1017,"HOT region in valid range | closest=552mm | center=(103,93)",1017,552,103,93
2026-05-21T16:20:54.782210,CRITICAL,CRITICAL_158_79_880,"DANGEROUS region | MIXED RANGE | closest=-1mm | center=(158,79)",880,-1,158,79
2026-05-21T16:20:54.782210,WARNING,WARNING_151_84_753,"HOT region | MIXED RANGE | closest=-1mm | center=(151,84)",753,-1,151,84
2026-05-21T16:20:54.821536,WARNING,WARNING_185_80_746,DANGEROUS region | TOO CLOSE | sensor range invalid,746,-1,185,80
2026-05-21T16:20:54.821536,WARNING,WARNING_179_85_409,HOT region | TOO CLOSE | sensor range invalid,409,-1,179,85
2026-05-21T16:20:54.881716,WARNING,WARNING_192_78_647,DANGEROUS region | TOO CLOSE | sensor range invalid,647,-1,192,78
2026-05-21T16:20:54.881716,WARNING,WARNING_187_85_345,"HOT region in valid range | closest=427mm | center=(187,85)",345,427,187,85
2026-05-21T16:20:54.976465,CRITICAL,CRITICAL_192_70_548,"DANGEROUS region in valid range | closest=427mm | center=(192,70)",548,427,192,70
2026-05-21T16:20:54.976465,WARNING,WARNING_190_77_245,"HOT region in valid range | closest=425mm | center=(190,77)",245,425,190,77
2026-05-21T16:20:55.043910,CRITICAL,CRITICAL_175_64_519,"DANGEROUS region in valid range | closest=1000mm | center=(175,64)",519,1000,175,64
2026-05-21T16:20:55.043910,WARNING,WARNING_176_66_167,"HOT region in valid range | closest=995mm | center=(176,66)",167,995,176,66
2026-05-21T16:20:55.111359,CRITICAL,CRITICAL_163_64_552,"DANGEROUS region | MIXED RANGE | closest=-1mm | center=(163,64)",552,-1,163,64
2026-05-21T16:20:55.111359,WARNING,WARNING_164_65_179,"HOT region | MIXED RANGE | closest=-1mm | center=(164,65)",179,-1,164,65
2026-05-21T16:20:55.150592,WARNING,WARNING_132_65_477,DANGEROUS region BUT FAR | monitoring,477,-1,132,65
2026-05-21T16:20:55.150592,WARNING,WARNING_133_69_288,HOT region BUT FAR | monitoring,288,-1,133,69
2026-05-21T16:20:55.213374,WARNING,WARNING_92_52_34,"HOT region in valid range | closest=822mm | center=(92,52)",34,822,92,52
2026-05-21T16:20:55.977076,CRITICAL,CRITICAL_18_61_69,"DANGEROUS region in valid range | closest=466mm | center=(18,61)",69,466,18,61
2026-05-21T16:20:55.977076,WARNING,WARNING_15_63_110,"HOT region in valid range | closest=465mm | center=(15,63)",110,465,15,63
2026-05-21T16:20:56.045314,CRITICAL,CRITICAL_42_60_611,"DANGEROUS region in valid range | closest=487mm | center=(42,60)",611,487,42,60
2026-05-21T16:20:56.045314,WARNING,WARNING_36_66_307,"HOT region in valid range | closest=463mm | center=(36,66)",307,463,36,66
2026-05-21T16:20:56.045314,WARNING,WARNING_11_82_6,HOT region | TOO CLOSE | sensor range invalid,6,-1,11,82
2026-05-21T16:20:56.113035,CRITICAL,CRITICAL_63_55_650,"DANGEROUS region in valid range | closest=560mm | center=(63,55)",650,560,63,55
2026-05-21T16:20:56.113035,WARNING,WARNING_54_61_448,"HOT region in valid range | closest=503mm | center=(54,61)",448,503,54,61
2026-05-21T16:20:56.180610,CRITICAL,CRITICAL_108_47_642,"DANGEROUS region in valid range | closest=713mm | center=(108,47)",642,713,108,47
2026-05-21T16:20:56.180610,WARNING,WARNING_104_51_484,"HOT region in valid range | closest=706mm | center=(104,51)",484,706,104,51
2026-05-21T16:20:56.248281,CRITICAL,CRITICAL_149_38_736,"DANGEROUS region in valid range | closest=244mm | center=(149,38)",736,244,149,38
2026-05-21T16:20:56.248281,WARNING,WARNING_148_42_425,"HOT region in valid range | closest=243mm | center=(148,42)",425,243,148,42
2026-05-21T16:20:56.315886,CRITICAL,CRITICAL_165_33_788,"DANGEROUS region in valid range | closest=245mm | center=(165,33)",788,245,165,33
2026-05-21T16:20:56.315886,WARNING,WARNING_158_38_524,"HOT region in valid range | closest=244mm | center=(158,38)",524,244,158,38
2026-05-21T16:20:56.383578,CRITICAL,CRITICAL_189_27_827,"DANGEROUS region in valid range | closest=160mm | center=(189,27)",827,160,189,27
2026-05-21T16:20:56.383578,WARNING,WARNING_180_34_441,"HOT region in valid range | closest=245mm | center=(180,34)",441,245,180,34
2026-05-21T16:20:56.451388,CRITICAL,CRITICAL_193_17_372,"DANGEROUS region in valid range | closest=160mm | center=(193,17)",372,160,193,17
2026-05-21T16:20:56.451388,WARNING,WARNING_192_19_140,"HOT region in valid range | closest=248mm | center=(192,19)",140,248,192,19
2026-05-21T16:20:56.451388,WARNING,WARNING_191_48_18,"HOT region in valid range | closest=547mm | center=(191,48)",18,547,191,48
2026-05-21T16:20:56.519072,CRITICAL,CRITICAL_179_19_499,"DANGEROUS region in valid range | closest=164mm | center=(179,19)",499,164,179,19
2026-05-21T16:20:56.519072,WARNING,WARNING_179_20_157,"HOT region in valid range | closest=166mm | center=(179,20)",157,166,179,20
2026-05-21T16:20:56.586584,CRITICAL,CRITICAL_144_24_65,"DANGEROUS region in valid range | closest=241mm | center=(144,24)",65,241,144,24
2026-05-21T16:20:56.586584,WARNING,WARNING_145_25_142,"HOT region in valid range | closest=241mm | center=(145,25)",142,241,145,25
2026-05-21T16:20:57.176888,CRITICAL,CRITICAL_42_50_659,"DANGEROUS region in valid range | closest=330mm | center=(42,50)",659,330,42,50
2026-05-21T16:20:57.176888,WARNING,WARNING_37_58_373,"HOT region in valid range | closest=329mm | center=(37,58)",373,329,37,58
2026-05-21T16:20:57.244623,CRITICAL,CRITICAL_83_46_1029,"DANGEROUS region in valid range | closest=653mm | center=(83,46)",1029,653,83,46
2026-05-21T16:20:57.244623,WARNING,WARNING_68_54_686,"HOT region in valid range | closest=529mm | center=(68,54)",686,529,68,54
2026-05-21T16:20:57.312428,CRITICAL,CRITICAL_132_49_1504,"DANGEROUS region in valid range | closest=539mm | center=(132,49)",1504,539,132,49
2026-05-21T16:20:57.312428,WARNING,WARNING_122_53_971,"HOT region in valid range | closest=525mm | center=(122,53)",971,525,122,53
2026-05-21T16:20:57.380455,CRITICAL,CRITICAL_163_46_1131,"DANGEROUS region in valid range | closest=433mm | center=(163,46)",1131,433,163,46
2026-05-21T16:20:57.380455,WARNING,WARNING_148_58_1316,"HOT region in valid range | closest=421mm | center=(148,58)",1316,421,148,58
2026-05-21T16:20:57.447942,CRITICAL,CRITICAL_202_45_1185,"DANGEROUS region in valid range | closest=278mm | center=(202,45)",1185,278,202,45
2026-05-21T16:20:57.447942,WARNING,WARNING_197_50_666,"HOT region in valid range | closest=243mm | center=(197,50)",666,243,197,50
2026-05-21T16:20:57.515561,CRITICAL,CRITICAL_214_47_1102,"DANGEROUS region in valid range | closest=255mm | center=(214,47)",1102,255,214,47
2026-05-21T16:20:57.515561,WARNING,WARNING_206_54_587,"HOT region in valid range | closest=254mm | center=(206,54)",587,254,206,54
2026-05-21T16:20:57.583243,CRITICAL,CRITICAL_212_48_1035,"DANGEROUS region in valid range | closest=155mm | center=(212,48)",1035,155,212,48
2026-05-21T16:20:57.583243,WARNING,WARNING_203_58_604,"HOT region in valid range | closest=253mm | center=(203,58)",604,253,203,58
2026-05-21T16:20:57.650919,CRITICAL,CRITICAL_203_50_716,"DANGEROUS region in valid range | closest=280mm | center=(203,50)",716,280,203,50
2026-05-21T16:20:57.650919,WARNING,WARNING_200_54_318,"HOT region in valid range | closest=280mm | center=(200,54)",318,280,200,54
2026-05-21T16:21:01.714179,CRITICAL,CRITICAL_43_124_393,"DANGEROUS region in valid range | closest=453mm | center=(43,124)",393,453,43,124
2026-05-21T16:21:01.714179,WARNING,WARNING_36_131_271,"HOT region in valid range | closest=452mm | center=(36,131)",271,452,36,131
2026-05-21T16:21:01.782428,CRITICAL,CRITICAL_56_116_663,"DANGEROUS region in valid range | closest=456mm | center=(56,116)",663,456,56,116
2026-05-21T16:21:01.782428,WARNING,WARNING_50_123_352,"HOT region in valid range | closest=454mm | center=(50,123)",352,454,50,123
2026-05-21T16:21:01.782428,WARNING,WARNING_28_152_11,"HOT region in valid range | closest=480mm | center=(28,152)",11,480,28,152
2026-05-21T16:21:01.858635,CRITICAL,CRITICAL_86_78_277,"DANGEROUS region in valid range | closest=899mm | center=(86,78)",277,899,86,78
2026-05-21T16:21:01.858635,WARNING,WARNING_85_79_266,"HOT region in valid range | closest=863mm | center=(85,79)",266,863,85,79
2026-05-21T16:21:02.248570,CRITICAL,CRITICAL_51_84_92,"DANGEROUS region in valid range | closest=479mm | center=(51,84)",92,479,51,84
2026-05-21T16:21:02.248570,WARNING,WARNING_53_73_435,"HOT region in valid range | closest=472mm | center=(53,73)",435,472,53,73
2026-05-21T16:21:02.288210,WARNING,WARNING_81_140_200,DANGEROUS region | TOO CLOSE | sensor range invalid,200,-1,81,140
2026-05-21T16:21:02.288210,WARNING,WARNING_67_105_29,"HOT region in valid range | closest=505mm | center=(67,105)",29,505,67,105
2026-05-21T16:21:02.288210,WARNING,WARNING_78_135_261,"HOT region in valid range | closest=503mm | center=(78,135)",261,503,78,135
2026-05-21T16:21:02.352841,WARNING,WARNING_98_158_178,DANGEROUS region | TOO CLOSE | sensor range invalid,178,-1,98,158
2026-05-21T16:21:02.352841,WARNING,WARNING_97_154_150,"HOT region | MIXED RANGE | closest=-1mm | center=(97,154)",150,-1,97,154
2026-05-21T16:21:02.448719,CRITICAL,CRITICAL_125_171_317,"DANGEROUS region | MIXED RANGE | closest=-1mm | center=(125,171)",317,-1,125,171
2026-05-21T16:21:02.448719,WARNING,WARNING_126_171_178,"HOT region | MIXED RANGE | closest=-1mm | center=(126,171)",178,-1,126,171
2026-05-21T16:21:04.917175,CRITICAL,CRITICAL_54_69_318,"DANGEROUS region in valid range | closest=582mm | center=(54,69)",318,582,54,69
2026-05-21T16:21:04.917175,WARNING,WARNING_51_67_187,"HOT region in valid range | closest=526mm | center=(51,67)",187,526,51,67
2026-05-21T16:21:04.985010,CRITICAL,CRITICAL_58_72_163,"DANGEROUS region in valid range | closest=619mm | center=(58,72)",163,619,58,72
2026-05-21T16:21:04.985010,WARNING,WARNING_57_71_169,"HOT region in valid range | closest=530mm | center=(57,71)",169,530,57,71
2026-05-21T16:21:05.024040,WARNING,WARNING_71_78_51,"HOT region in valid range | closest=860mm | center=(71,78)",51,860,71,78
2026-05-21T16:21:05.024040,WARNING,WARNING_62_89_5,"HOT region in valid range | closest=572mm | center=(62,89)",5,572,62,89
2026-05-21T16:21:05.116784,CRITICAL,CRITICAL_62_89_111,"DANGEROUS region in valid range | closest=493mm | center=(62,89)",111,493,62,89
2026-05-21T16:21:05.116784,WARNING,WARNING_55_89_181,"HOT region in valid range | closest=442mm | center=(55,89)",181,442,55,89
2026-05-21T16:21:05.116784,WARNING,WARNING_53_101_7,"HOT region in valid range | closest=481mm | center=(53,101)",7,481,53,101
2026-05-21T16:21:05.185162,CRITICAL,CRITICAL_61_92_38,"DANGEROUS region in valid range | closest=518mm | center=(61,92)",38,518,61,92
2026-05-21T16:21:05.185162,WARNING,WARNING_52_94_194,"HOT region in valid range | closest=426mm | center=(52,94)",194,426,52,94
2026-05-21T16:21:05.185162,WARNING,WARNING_49_104_7,"HOT region in valid range | closest=455mm | center=(49,104)",7,455,49,104
2026-05-21T16:21:05.252821,CRITICAL,CRITICAL_34_107_83,"DANGEROUS region in valid range | closest=419mm | center=(34,107)",83,419,34,107
2026-05-21T16:21:05.252821,WARNING,WARNING_33_108_57,"HOT region in valid range | closest=418mm | center=(33,108)",57,418,33,108
2026-05-21T16:21:05.321128,CRITICAL,CRITICAL_46_109_530,"DANGEROUS region in valid range | closest=422mm | center=(46,109)",530,422,46,109
2026-05-21T16:21:05.321128,WARNING,WARNING_45_111_149,"HOT region in valid range | closest=416mm | center=(45,111)",149,416,45,111
2026-05-21T16:21:05.321128,WARNING,WARNING_54_104_7,"HOT region in valid range | closest=470mm | center=(54,104)",7,470,54,104
2026-05-21T16:21:05.321128,WARNING,WARNING_55_112_6,"HOT region in valid range | closest=454mm | center=(55,112)",6,454,55,112
2026-05-21T16:21:05.389342,CRITICAL,CRITICAL_56_107_874,"DANGEROUS region in valid range | closest=433mm | center=(56,107)",874,433,56,107
2026-05-21T16:21:05.389342,WARNING,WARNING_56_110_263,"HOT region in valid range | closest=428mm | center=(56,110)",263,428,56,110
2026-05-21T16:21:05.457455,CRITICAL,CRITICAL_84_96_1383,"DANGEROUS region in valid range | closest=457mm | center=(84,96)",1383,457,84,96
2026-05-21T16:21:05.457455,WARNING,WARNING_80_101_493,"HOT region in valid range | closest=453mm | center=(80,101)",493,453,80,101
2026-05-21T16:21:05.525837,CRITICAL,CRITICAL_115_83_1239,"DANGEROUS region in valid range | closest=903mm | center=(115,83)",1239,903,115,83
2026-05-21T16:21:05.525837,WARNING,WARNING_100_91_593,"HOT region in valid range | closest=527mm | center=(100,91)",593,527,100,91
2026-05-21T16:21:05.525837,WARNING,WARNING_63_122_26,"HOT region in valid range | closest=456mm | center=(63,122)",26,456,63,122
2026-05-21T16:21:05.593573,CRITICAL,CRITICAL_122_77_1136,"DANGEROUS region in valid range | closest=902mm | center=(122,77)",1136,902,122,77
2026-05-21T16:21:05.593573,WARNING,WARNING_111_83_448,"HOT region in valid range | closest=900mm | center=(111,83)",448,900,111,83
2026-05-21T16:21:05.661191,CRITICAL,CRITICAL_123_65_1028,"DANGEROUS region in valid range | closest=877mm | center=(123,65)",1028,877,123,65
2026-05-21T16:21:05.661191,WARNING,WARNING_119_71_462,"HOT region in valid range | closest=856mm | center=(119,71)",462,856,119,71
2026-05-21T16:21:05.728968,CRITICAL,CRITICAL_110_44_559,"DANGEROUS region in valid range | closest=239mm | center=(110,44)",559,239,110,44
2026-05-21T16:21:05.728968,WARNING,WARNING_108_56_455,"HOT region in valid range | closest=238mm | center=(108,56)",455,238,108,56
2026-05-21T16:21:05.796709,CRITICAL,CRITICAL_102_40_251,"DANGEROUS region in valid range | closest=238mm | center=(102,40)",251,238,102,40
2026-05-21T16:21:05.796709,WARNING,WARNING_101_39_233,"HOT region in valid range | closest=238mm | center=(101,39)",233,238,101,39
2026-05-21T16:21:05.916681,CRITICAL,CRITICAL_91_54_836,"DANGEROUS region in valid range | closest=782mm | center=(91,54)",836,782,91,54
2026-05-21T16:21:05.916681,WARNING,WARNING_96_53_358,"HOT region in valid range | closest=774mm | center=(96,53)",358,774,96,53
2026-05-21T16:21:05.984573,CRITICAL,CRITICAL_84_76_880,"DANGEROUS region in valid range | closest=840mm | center=(84,76)",880,840,84,76
2026-05-21T16:21:05.984573,WARNING,WARNING_93_66_598,"HOT region in valid range | closest=812mm | center=(93,66)",598,812,93,66
2026-05-21T16:21:06.052258,CRITICAL,CRITICAL_90_129_795,"DANGEROUS region in valid range | closest=157mm | center=(90,129)",795,157,90,129
2026-05-21T16:21:06.052258,WARNING,WARNING_90_116_520,"HOT region in valid range | closest=156mm | center=(90,116)",520,156,90,116
2026-05-21T16:21:06.120503,CRITICAL,CRITICAL_101_171_472,"DANGEROUS region | MIXED RANGE | closest=-1mm | center=(101,171)",472,-1,101,171
2026-05-21T16:21:06.120503,WARNING,WARNING_100_163_277,"HOT region | MIXED RANGE | closest=-1mm | center=(100,163)",277,-1,100,163
2026-05-21T16:21:06.160120,WARNING,WARNING_107_182_267,DANGEROUS region BUT FAR | monitoring,267,-1,107,182
2026-05-21T16:21:06.160120,WARNING,WARNING_104_174_146,"HOT region | MIXED RANGE | closest=-1mm | center=(104,174)",146,-1,104,174
2026-05-21T16:21:06.221815,WARNING,WARNING_108_187_95,DANGEROUS region BUT FAR | monitoring,95,-1,108,187
2026-05-21T16:21:06.221815,WARNING,WARNING_107_185_35,HOT region BUT FAR | monitoring,35,-1,107,185
2026-05-21T16:21:06.318024,CRITICAL,CRITICAL_105_182_196,"DANGEROUS region | MIXED RANGE | closest=-1mm | center=(105,182)",196,-1,105,182
2026-05-21T16:21:06.318024,WARNING,WARNING_100_175_55,"HOT region | MIXED RANGE | closest=-1mm | center=(100,175)",55,-1,100,175
2026-05-21T16:21:06.318024,WARNING,WARNING_111_184_19,"HOT region | MIXED RANGE | closest=-1mm | center=(111,184)",19,-1,111,184
2026-05-21T16:21:06.385842,CRITICAL,CRITICAL_99_160_159,"DANGEROUS region | MIXED RANGE | closest=-1mm | center=(99,160)",159,-1,99,160
2026-05-21T16:21:06.385842,WARNING,WARNING_100_163_175,"HOT region | MIXED RANGE | closest=-1mm | center=(100,163)",175,-1,100,163
2026-05-21T16:21:06.718104,CRITICAL,CRITICAL_84_25_72,"DANGEROUS region in valid range | closest=237mm | center=(84,25)",72,237,84,25
2026-05-21T16:21:06.718104,WARNING,WARNING_83_25_193,"HOT region in valid range | closest=237mm | center=(83,25)",193,237,83,25
2026-05-21T16:21:06.786007,CRITICAL,CRITICAL_92_50_947,"DANGEROUS region in valid range | closest=237mm | center=(92,50)",947,237,92,50
2026-05-21T16:21:06.786007,WARNING,WARNING_94_49_626,"HOT region in valid range | closest=238mm | center=(94,49)",626,238,94,49
2026-05-21T16:21:06.853774,CRITICAL,CRITICAL_90_124_950,"DANGEROUS region in valid range | closest=951mm | center=(90,124)",950,951,90,124
2026-05-21T16:21:06.853774,WARNING,WARNING_92_94_1095,"HOT region in valid range | closest=507mm | center=(92,94)",1095,507,92,94
2026-05-21T16:21:07.823716,WARNING,WARNING_84_78_58,"HOT region in valid range | closest=911mm | center=(84,78)",58,911,84,78
2026-05-21T16:21:07.918516,CRITICAL,CRITICAL_90_115_345,"DANGEROUS region | MIXED RANGE | closest=-1mm | center=(90,115)",345,-1,90,115
2026-05-21T16:21:07.918516,WARNING,WARNING_89_108_282,"HOT region in valid range | closest=943mm | center=(89,108)",282,943,89,108
2026-05-21T16:21:07.966784,WARNING,WARNING_93_133_352,DANGEROUS region | TOO CLOSE | sensor range invalid,352,-1,93,133
2026-05-21T16:21:07.966784,WARNING,WARNING_92_125_230,HOT region | TOO CLOSE | sensor range invalid,230,-1,92,125
2026-05-21T16:21:08.023737,WARNING,WARNING_94_154_188,DANGEROUS region | TOO CLOSE | sensor range invalid,188,-1,94,154
2026-05-21T16:21:08.023737,WARNING,WARNING_93_147_179,HOT region | TOO CLOSE | sensor range invalid,179,-1,93,147
2026-05-21T16:21:08.089983,WARNING,WARNING_87_161_13,DANGEROUS region | TOO CLOSE | sensor range invalid,13,-1,87,161
2026-05-21T16:21:08.089983,WARNING,WARNING_87_162_32,"HOT region in valid range | closest=158mm | center=(87,162)",32,158,87,162
2026-05-21T16:21:08.156681,WARNING,WARNING_84_154_73,DANGEROUS region | TOO CLOSE | sensor range invalid,73,-1,84,154
2026-05-21T16:21:08.156681,WARNING,WARNING_83_155_57,HOT region | TOO CLOSE | sensor range invalid,57,-1,83,155
2026-05-21T16:21:08.224264,WARNING,WARNING_81_130_61,HOT region | TOO CLOSE | sensor range invalid,61,-1,81,130
2026-05-21T16:21:08.318641,CRITICAL,CRITICAL_77_112_321,"DANGEROUS region in valid range | closest=505mm | center=(77,112)",321,505,77,112
2026-05-21T16:21:08.318641,WARNING,WARNING_75_115_127,"HOT region in valid range | closest=494mm | center=(75,115)",127,494,75,115
2026-05-21T16:21:08.318641,WARNING,WARNING_84_108_6,"HOT region | MIXED RANGE | closest=-1mm | center=(84,108)",6,-1,84,108
2026-05-21T16:21:08.386728,CRITICAL,CRITICAL_76_108_510,"DANGEROUS region in valid range | closest=489mm | center=(76,108)",510,489,76,108
2026-05-21T16:21:08.386728,WARNING,WARNING_74_114_205,"HOT region in valid range | closest=458mm | center=(74,114)",205,458,74,114
2026-05-21T16:21:08.386728,WARNING,WARNING_85_108_15,"HOT region | MIXED RANGE | closest=-1mm | center=(85,108)",15,-1,85,108
2026-05-21T16:21:08.454440,CRITICAL,CRITICAL_93_113_1052,"DANGEROUS region in valid range | closest=933mm | center=(93,113)",1052,933,93,113
2026-05-21T16:21:08.454440,WARNING,WARNING_92_108_526,"HOT region in valid range | closest=915mm | center=(92,108)",526,915,92,108
2026-05-21T16:21:08.522770,CRITICAL,CRITICAL_93_160_804,"DANGEROUS region | MIXED RANGE | closest=-1mm | center=(93,160)",804,-1,93,160
2026-05-21T16:21:08.522770,WARNING,WARNING_93_147_682,"HOT region in valid range | closest=162mm | center=(93,147)",682,162,93,147
2026-05-21T16:21:08.590399,CRITICAL,CRITICAL_99_173_801,"DANGEROUS region | MIXED RANGE | closest=-1mm | center=(99,173)",801,-1,99,173
2026-05-21T16:21:08.590399,WARNING,WARNING_97_163_389,"HOT region | MIXED RANGE | closest=-1mm | center=(97,163)",389,-1,97,163
2026-05-21T16:21:08.658022,CRITICAL,CRITICAL_112_186_201,"DANGEROUS region | MIXED RANGE | closest=-1mm | center=(112,186)",201,-1,112,186
2026-05-21T16:21:08.658022,WARNING,WARNING_105_183_120,HOT region BUT FAR | monitoring,120,-1,105,183
2026-05-21T16:21:08.725615,CRITICAL,CRITICAL_130_171_867,"DANGEROUS region | MIXED RANGE | closest=-1mm | center=(130,171)",867,-1,130,171
2026-05-21T16:21:08.725615,WARNING,WARNING_131_174_380,"HOT region | MIXED RANGE | closest=-1mm | center=(131,174)",380,-1,131,174
2026-05-21T16:21:08.793288,CRITICAL,CRITICAL_142_156_1136,"DANGEROUS region | MIXED RANGE | closest=-1mm | center=(142,156)",1136,-1,142,156
2026-05-21T16:21:08.793288,WARNING,WARNING_136_161_638,"HOT region | MIXED RANGE | closest=-1mm | center=(136,161)",638,-1,136,161
2026-05-21T16:21:08.860953,CRITICAL,CRITICAL_175_123_1223,"DANGEROUS region in valid range | closest=157mm | center=(175,123)",1223,157,175,123
2026-05-21T16:21:08.860953,WARNING,WARNING_166_132_789,"HOT region | MIXED RANGE | closest=-1mm | center=(166,132)",789,-1,166,132
2026-05-21T16:21:08.928814,CRITICAL,CRITICAL_197_96_1261,"DANGEROUS region in valid range | closest=155mm | center=(197,96)",1261,155,197,96
2026-05-21T16:21:08.928814,WARNING,WARNING_182_109_1004,"HOT region in valid range | closest=180mm | center=(182,109)",1004,180,182,109
2026-05-21T16:21:08.997237,CRITICAL,CRITICAL_217_86_894,"DANGEROUS region in valid range | closest=155mm | center=(217,86)",894,155,217,86
2026-05-21T16:21:08.997237,WARNING,WARNING_203_92_748,"HOT region in valid range | closest=155mm | center=(203,92)",748,155,203,92
2026-05-21T16:21:08.997237,WARNING,WARNING_165_117_283,HOT region | TOO CLOSE | sensor range invalid,283,-1,165,117
2026-05-21T16:21:09.036535,WARNING,WARNING_242_80_505,DANGEROUS region | TOO CLOSE | sensor range invalid,505,-1,242,80
2026-05-21T16:21:09.036535,WARNING,WARNING_232_83_405,HOT region | TOO CLOSE | sensor range invalid,405,-1,232,83
2026-05-21T16:21:09.090206,WARNING,WARNING_254_76_15,DANGEROUS region | TOO CLOSE | sensor range invalid,15,-1,254,76
2026-05-21T16:21:09.090206,WARNING,WARNING_252_77_78,HOT region | TOO CLOSE | sensor range invalid,78,-1,252,77
2026-05-21T16:21:09.156922,WARNING,WARNING_253_81_67,HOT region | TOO CLOSE | sensor range invalid,67,-1,253,81
2026-05-21T16:21:11.093009,WARNING,WARNING_208_106_87,DANGEROUS region | TOO CLOSE | sensor range invalid,87,-1,208,106
2026-05-21T16:21:11.093009,WARNING,WARNING_208_105_105,HOT region | TOO CLOSE | sensor range invalid,105,-1,208,105
2026-05-21T16:21:11.159628,WARNING,WARNING_197_100_92,"HOT region in valid range | closest=180mm | center=(197,100)",92,180,197,100
2026-05-21T16:21:11.425907,WARNING,WARNING_92_94_54,"HOT region in valid range | closest=931mm | center=(92,94)",54,931,92,94
2026-05-21T16:21:11.559230,WARNING,WARNING_45_93_118,HOT region BUT FAR | monitoring,118,-1,45,93
2026-05-21T16:21:11.654681,CRITICAL,CRITICAL_6_105_193,"DANGEROUS region in valid range | closest=624mm | center=(6,105)",193,624,6,105
2026-05-21T16:21:11.654681,WARNING,WARNING_14_102_288,"HOT region in valid range | closest=615mm | center=(14,102)",288,615,14,102
2026-05-21T16:21:11.921741,CRITICAL,CRITICAL_19_94_216,"DANGEROUS region in valid range | closest=511mm | center=(19,94)",216,511,19,94
2026-05-21T16:21:11.921741,WARNING,WARNING_15_98_140,"HOT region in valid range | closest=511mm | center=(15,98)",140,511,15,98
2026-05-21T16:21:11.989627,CRITICAL,CRITICAL_28_92_272,"DANGEROUS region in valid range | closest=526mm | center=(28,92)",272,526,28,92
2026-05-21T16:21:11.989627,WARNING,WARNING_22_95_190,"HOT region in valid range | closest=531mm | center=(22,95)",190,531,22,95
2026-05-21T16:21:12.057287,CRITICAL,CRITICAL_41_89_351,"DANGEROUS region in valid range | closest=543mm | center=(41,89)",351,543,41,89
2026-05-21T16:21:12.057287,WARNING,WARNING_36_90_162,"HOT region in valid range | closest=543mm | center=(36,90)",162,543,36,90
2026-05-21T16:21:12.057287,WARNING,WARNING_49_89_7,HOT region BUT FAR | monitoring,7,-1,49,89
2026-05-21T16:21:12.125265,CRITICAL,CRITICAL_52_83_267,"DANGEROUS region | MIXED RANGE | closest=-1mm | center=(52,83)",267,-1,52,83
2026-05-21T16:21:12.125265,WARNING,WARNING_48_81_212,"HOT region | MIXED RANGE | closest=-1mm | center=(48,81)",212,-1,48,81
2026-05-21T16:21:12.164406,WARNING,WARNING_58_85_78,DANGEROUS region BUT FAR | monitoring,78,-1,58,85
2026-05-21T16:21:12.164406,WARNING,WARNING_57_84_144,"HOT region in valid range | closest=882mm | center=(57,84)",144,882,57,84
2026-05-21T16:21:12.226227,WARNING,WARNING_54_89_16,DANGEROUS region BUT FAR | monitoring,16,-1,54,89
2026-05-21T16:21:12.226227,WARNING,WARNING_53_90_90,HOT region BUT FAR | monitoring,90,-1,53,90
2026-05-21T16:21:12.759793,WARNING,WARNING_47_104_9,HOT region BUT FAR | monitoring,9,-1,47,104
2026-05-21T16:21:12.827101,WARNING,WARNING_47_104_23,HOT region BUT FAR | monitoring,23,-1,47,104
2026-05-21T16:21:12.893221,WARNING,WARNING_47_103_16,HOT region BUT FAR | monitoring,16,-1,47,103
